agy_nm,fisc_yr,fnding,amt
Administration of Children's Services,2020,IC,4817
Administration of Children's Services,2020,CD,0
Administration of Children's Services,2020,C,948271
Administration of Children's Services,2020,IFA,0
Administration of Children's Services,2020,OC,140
Administration of Children's Services,2020,F,858922
Administration of Children's Services,2020,S,834212
Brooklyn Public Library,2020,IFA,0
Brooklyn Public Library,2020,F,0
Brooklyn Public Library,2020,CD,0
Brooklyn Public Library,2020,S,0
Brooklyn Public Library,2020,C,117286
Brooklyn Public Library,2020,IC,1870
Brooklyn Public Library,2020,OC,179
City University of New York,2020,CD,128
City University of New York,2020,IC,136566
City University of New York,2020,OC,22293
City University of New York,2020,S,245899
City University of New York,2020,IFA,0
City University of New York,2020,F,0
City University of New York,2020,C,850225
Department for the Aging,2020,IC,2967
Department for the Aging,2020,C,277556
Department for the Aging,2020,IFA,0
Department for the Aging,2020,F,93711
Department for the Aging,2020,CD,3835
Department for the Aging,2020,OC,254
Department for the Aging,2020,S,45659
Department of Citywide Administrative Services,2020,IFA,1440
Department of Citywide Administrative Services,2020,IC,732626
Department of Citywide Administrative Services,2020,CD,4757
Department of Citywide Administrative Services,2020,F,602208
Department of Citywide Administrative Services,2020,OC,82388
Department of Citywide Administrative Services,2020,S,56872
Department of Citywide Administrative Services,2020,C,359517
Department of Correction,2020,S,260
Department of Correction,2020,F,17779
Department of Correction,2020,IC,331
Department of Correction,2020,CD,0
Department of Correction,2020,C,1265271
Department of Correction,2020,IFA,734
Department of Correction,2020,OC,2842
Department of Cultural Affairs,2020,CD,82
Department of Cultural Affairs,2020,IC,5206
Department of Cultural Affairs,2020,IFA,162
Department of Cultural Affairs,2020,F,0
Department of Cultural Affairs,2020,S,161
Department of Cultural Affairs,2020,C,202902
Department of Cultural Affairs,2020,OC,1348
Department of Education,2020,CD,79175
Department of Education,2020,IFA,0
Department of Education,2020,S,11514481
Department of Education,2020,IC,51432
Department of Education,2020,F,2062283
Department of Education,2020,C,14064958
Department of Education,2020,OC,294192
Department of Environmental Protection,2020,S,694
Department of Environmental Protection,2020,F,11723
Department of Environmental Protection,2020,OC,10244
Department of Environmental Protection,2020,IFA,67615
Department of Environmental Protection,2020,IC,1342
Department of Environmental Protection,2020,CD,36382
Department of Environmental Protection,2020,C,1254811
Department of Health and Mental Hygiene,2020,S,440518
Department of Health and Mental Hygiene,2020,IFA,0
Department of Health and Mental Hygiene,2020,F,341574
Department of Health and Mental Hygiene,2020,IC,26551
Department of Health and Mental Hygiene,2020,C,1002852
Department of Health and Mental Hygiene,2020,OC,48800
Department of Health and Mental Hygiene,2020,CD,0
Department of Homeless Services,2020,CD,4688
Department of Homeless Services,2020,IFA,0
Department of Homeless Services,2020,IC,899
Department of Homeless Services,2020,F,617741
Department of Homeless Services,2020,S,172759
Department of Homeless Services,2020,C,1569837
Department of Homeless Services,2020,OC,3263
Department of Housing Preservation and Development,2020,S,4322
Department of Housing Preservation and Development,2020,OC,1757
Department of Housing Preservation and Development,2020,F,555784
Department of Housing Preservation and Development,2020,IFA,21273
Department of Housing Preservation and Development,2020,CD,249361
Department of Housing Preservation and Development,2020,C,294430
Department of Housing Preservation and Development,2020,IC,2853
Department of Information Technology and Telecommunications,2020,OC,4399
Department of Information Technology and Telecommunications,2020,C,567340
Department of Information Technology and Telecommunications,2020,S,12432
Department of Information Technology and Telecommunications,2020,IFA,1773
Department of Information Technology and Telecommunications,2020,IC,220078
Department of Information Technology and Telecommunications,2020,F,1455
Department of Information Technology and Telecommunications,2020,CD,14206
Department of Parks and Recreation,2020,IC,57540
Department of Parks and Recreation,2020,S,940
Department of Parks and Recreation,2020,C,436494
Department of Parks and Recreation,2020,F,2753
Department of Parks and Recreation,2020,CD,3085
Department of Parks and Recreation,2020,IFA,52175
Department of Parks and Recreation,2020,OC,14222
Department of Sanitation,2020,F,377081
Department of Sanitation,2020,C,1695294
Department of Sanitation,2020,IC,16018
Department of Sanitation,2020,IFA,5871
Department of Sanitation,2020,CD,0
Department of Sanitation,2020,S,2620
Department of Sanitation,2020,OC,6321
Department of Small Business Services,2020,OC,1798
Department of Small Business Services,2020,CD,6382
Department of Small Business Services,2020,C,153196
Department of Small Business Services,2020,S,2078
Department of Small Business Services,2020,IFA,0
Department of Small Business Services,2020,IC,3565
Department of Small Business Services,2020,F,173091
Department of Social Services,2020,C,8431217
Department of Social Services,2020,IC,12993
Department of Social Services,2020,IFA,0
Department of Social Services,2020,F,1491649
Department of Social Services,2020,OC,0
Department of Social Services,2020,S,620085
Department of Social Services,2020,CD,1
Department of Transportation,2020,C,615486
Department of Transportation,2020,S,120734
Department of Transportation,2020,CD,0
Department of Transportation,2020,IC,4617
Department of Transportation,2020,IFA,227923
Department of Transportation,2020,OC,16784
Department of Transportation,2020,F,108583
Department of Youth Services & Community Development,2020,S,7015
Department of Youth Services & Community Development,2020,OC,1874
Department of Youth Services & Community Development,2020,CD,7446
Department of Youth Services & Community Development,2020,IC,151538
Department of Youth Services & Community Development,2020,C,704456
Department of Youth Services & Community Development,2020,F,82829
Department of Youth Services & Community Development,2020,IFA,0
Fire Department,2020,C,1668796
Fire Department,2020,CD,0
Fire Department,2020,IC,3933
Fire Department,2020,OC,189208
Fire Department,2020,S,2460
Fire Department,2020,IFA,467
Fire Department,2020,F,309633
New York Public Library,2020,S,0
New York Public Library,2020,IFA,0
New York Public Library,2020,OC,368
New York Public Library,2020,F,0
New York Public Library,2020,CD,0
New York Public Library,2020,C,155727
New York Public Library,2020,IC,1282
Pensions,2020,CD,0
Pensions,2020,C,9639763
Pensions,2020,IC,112254
Pensions,2020,S,32025
Pensions,2020,F,0
Pensions,2020,OC,0
Pensions,2020,IFA,0
Police Department,2020,C,5281155
Police Department,2020,OC,26525
Police Department,2020,CD,0
Police Department,2020,IC,300149
Police Department,2020,IFA,0
Police Department,2020,F,424288
Police Department,2020,S,54043
Queens Public Library,2020,OC,394
Queens Public Library,2020,CD,0
Queens Public Library,2020,F,0
Queens Public Library,2020,IC,1112
Queens Public Library,2020,S,0
Queens Public Library,2020,C,122209
Queens Public Library,2020,IFA,0
Research Libraries,2020,C,31021
Research Libraries,2020,OC,0
Research Libraries,2020,F,0
Research Libraries,2020,S,0
Research Libraries,2020,IC,0
Research Libraries,2020,CD,0
Research Libraries,2020,IFA,0
Administration of Children's Services,2021,IFA,0
Administration of Children's Services,2021,F,890495
Administration of Children's Services,2021,C,818340
Administration of Children's Services,2021,CD,0
Administration of Children's Services,2021,OC,0
Administration of Children's Services,2021,IC,3864
Administration of Children's Services,2021,S,821408
Brooklyn Public Library,2021,F,0
Brooklyn Public Library,2021,IC,1577
Brooklyn Public Library,2021,OC,15
Brooklyn Public Library,2021,C,116654
Brooklyn Public Library,2021,S,0
Brooklyn Public Library,2021,IFA,0
Brooklyn Public Library,2021,CD,0
City University of New York,2021,OC,15786
City University of New York,2021,IFA,0
City University of New York,2021,CD,93
City University of New York,2021,C,782491
City University of New York,2021,S,231044
City University of New York,2021,IC,98854
City University of New York,2021,F,31164
Department for the Aging,2021,IFA,0
Department for the Aging,2021,IC,1362
Department for the Aging,2021,CD,2679
Department for the Aging,2021,C,227830
Department for the Aging,2021,OC,79
Department for the Aging,2021,S,46386
Department for the Aging,2021,F,77275
Department of Citywide Administrative Services,2021,C,217983
Department of Citywide Administrative Services,2021,S,55848
Department of Citywide Administrative Services,2021,IFA,1426
Department of Citywide Administrative Services,2021,CD,21366
Department of Citywide Administrative Services,2021,F,563617
Department of Citywide Administrative Services,2021,OC,80539
Department of Citywide Administrative Services,2021,IC,726499
Department of Correction,2021,OC,1939
Department of Correction,2021,C,1252765
Department of Correction,2021,F,135
Department of Correction,2021,S,3604
Department of Correction,2021,IC,157
Department of Correction,2021,CD,0
Department of Correction,2021,IFA,717
Department of Cultural Affairs,2021,IFA,208
Department of Cultural Affairs,2021,S,0
Department of Cultural Affairs,2021,CD,119
Department of Cultural Affairs,2021,OC,521
Department of Cultural Affairs,2021,IC,4905
Department of Cultural Affairs,2021,F,0
Department of Cultural Affairs,2021,C,179330
Department of Education,2021,IC,62773
Department of Education,2021,IFA,0
Department of Education,2021,S,10667114
Department of Education,2021,OC,277808
Department of Education,2021,C,14709274
Department of Education,2021,CD,115286
Department of Education,2021,F,2712825
Department of Environmental Protection,2021,S,865
Department of Environmental Protection,2021,CD,44392
Department of Environmental Protection,2021,F,12547
Department of Environmental Protection,2021,C,1274876
Department of Environmental Protection,2021,OC,10337
Department of Environmental Protection,2021,IC,1921
Department of Environmental Protection,2021,IFA,65326
Department of Health and Mental Hygiene,2021,C,1101687
Department of Health and Mental Hygiene,2021,S,459651
Department of Health and Mental Hygiene,2021,OC,2190
Department of Health and Mental Hygiene,2021,IFA,0
Department of Health and Mental Hygiene,2021,CD,0
Department of Health and Mental Hygiene,2021,F,603080
Department of Health and Mental Hygiene,2021,IC,14712
Department of Homeless Services,2021,IC,19495
Department of Homeless Services,2021,IFA,0
Department of Homeless Services,2021,CD,4086
Department of Homeless Services,2021,C,1408794
Department of Homeless Services,2021,S,170240
Department of Homeless Services,2021,OC,2146
Department of Homeless Services,2021,F,1439728
Department of Housing Preservation and Development,2021,S,722
Department of Housing Preservation and Development,2021,OC,4127
Department of Housing Preservation and Development,2021,CD,240704
Department of Housing Preservation and Development,2021,C,275331
Department of Housing Preservation and Development,2021,IFA,19828
Department of Housing Preservation and Development,2021,IC,2605
Department of Housing Preservation and Development,2021,F,586586
Department of Information Technology and Telecommunications,2021,IFA,1765
Department of Information Technology and Telecommunications,2021,F,96032
Department of Information Technology and Telecommunications,2021,C,598228
Department of Information Technology and Telecommunications,2021,CD,42652
Department of Information Technology and Telecommunications,2021,S,4660
Department of Information Technology and Telecommunications,2021,IC,224195
Department of Information Technology and Telecommunications,2021,OC,3201
Department of Parks and Recreation,2021,S,1021
Department of Parks and Recreation,2021,OC,12188
Department of Parks and Recreation,2021,F,34017
Department of Parks and Recreation,2021,IFA,51419
Department of Parks and Recreation,2021,CD,4638
Department of Parks and Recreation,2021,C,389544
Department of Parks and Recreation,2021,IC,33806
Department of Sanitation,2021,IC,2389
Department of Sanitation,2021,C,1274026
Department of Sanitation,2021,OC,3456
Department of Sanitation,2021,S,0
Department of Sanitation,2021,F,1092703
Department of Sanitation,2021,CD,412
Department of Sanitation,2021,IFA,5714
Department of Small Business Services,2021,IFA,0
Department of Small Business Services,2021,F,45238
Department of Small Business Services,2021,CD,4804
Department of Small Business Services,2021,IC,1682
Department of Small Business Services,2021,OC,3324
Department of Small Business Services,2021,S,2091
Department of Small Business Services,2021,C,169872
Department of Social Services,2021,F,1703010
Department of Social Services,2021,S,677354
Department of Social Services,2021,OC,462
Department of Social Services,2021,IFA,0
Department of Social Services,2021,C,7678577
Department of Social Services,2021,CD,26105
Department of Social Services,2021,IC,7977
Department of Transportation,2021,C,662780
Department of Transportation,2021,IC,3294
Department of Transportation,2021,OC,26169
Department of Transportation,2021,S,132683
Department of Transportation,2021,CD,0
Department of Transportation,2021,F,91367
Department of Transportation,2021,IFA,225949
Department of Youth Services & Community Development,2021,S,6767
Department of Youth Services & Community Development,2021,IFA,0
Department of Youth Services & Community Development,2021,IC,144463
Department of Youth Services & Community Development,2021,OC,7244
Department of Youth Services & Community Development,2021,CD,6984
Department of Youth Services & Community Development,2021,F,241869
Department of Youth Services & Community Development,2021,C,452062
Fire Department,2021,F,203643
Fire Department,2021,CD,0
Fire Department,2021,IFA,430
Fire Department,2021,C,1692487
Fire Department,2021,IC,886
Fire Department,2021,OC,335958
Fire Department,2021,S,1968
New York Public Library,2021,IFA,0
New York Public Library,2021,OC,21
New York Public Library,2021,CD,0
New York Public Library,2021,C,154571
New York Public Library,2021,F,0
New York Public Library,2021,S,0
New York Public Library,2021,IC,3906
Pensions,2021,IFA,0
Pensions,2021,S,0
Pensions,2021,IC,0
Pensions,2021,F,0
Pensions,2021,CD,0
Pensions,2021,OC,0
Pensions,2021,C,0
Police Department,2021,OC,30110
Police Department,2021,IC,273740
Police Department,2021,CD,0
Police Department,2021,S,17808
Police Department,2021,C,5059176
Police Department,2021,IFA,0
Police Department,2021,F,161601
Queens Public Library,2021,OC,1
Queens Public Library,2021,S,0
Queens Public Library,2021,IFA,0
Queens Public Library,2021,CD,0
Queens Public Library,2021,C,121518
Queens Public Library,2021,IC,925
Queens Public Library,2021,F,0
Research Libraries,2021,C,30691
Research Libraries,2021,F,0
Research Libraries,2021,IC,0
Research Libraries,2021,OC,0
Research Libraries,2021,IFA,0
Research Libraries,2021,CD,0
Research Libraries,2021,S,0
Administration of Children's Services,2022,F,780088
Administration of Children's Services,2022,IFA,0
Administration of Children's Services,2022,CD,0
Administration of Children's Services,2022,IC,3839
Administration of Children's Services,2022,S,838129
Administration of Children's Services,2022,C,1024776
Administration of Children's Services,2022,OC,0
Brooklyn Public Library,2022,C,117195
Brooklyn Public Library,2022,IC,982
Brooklyn Public Library,2022,S,0
Brooklyn Public Library,2022,CD,0
Brooklyn Public Library,2022,F,0
Brooklyn Public Library,2022,IFA,0
Brooklyn Public Library,2022,OC,213
City University of New York,2022,S,238055
City University of New York,2022,OC,19679
City University of New York,2022,IFA,0
City University of New York,2022,CD,0
City University of New York,2022,IC,122431
City University of New York,2022,C,738783
City University of New York,2022,F,112773
Department for the Aging,2022,S,47811
Department for the Aging,2022,IC,2160
Department for the Aging,2022,OC,0
Department for the Aging,2022,IFA,0
Department for the Aging,2022,CD,1143
Department for the Aging,2022,C,317991
Department for the Aging,2022,F,133478
Department of Citywide Administrative Services,2022,CD,105
Department of Citywide Administrative Services,2022,S,71210
Department of Citywide Administrative Services,2022,IFA,379
Department of Citywide Administrative Services,2022,IC,898448
Department of Citywide Administrative Services,2022,OC,127866
Department of Citywide Administrative Services,2022,C,367543
Department of Citywide Administrative Services,2022,F,67161
Department of Correction,2022,F,1469
Department of Correction,2022,IC,516
Department of Correction,2022,IFA,711
Department of Correction,2022,S,3376
Department of Correction,2022,OC,1291
Department of Correction,2022,CD,0
Department of Correction,2022,C,1384465
Department of Cultural Affairs,2022,IFA,284
Department of Cultural Affairs,2022,S,0
Department of Cultural Affairs,2022,C,210736
Department of Cultural Affairs,2022,IC,4352
Department of Cultural Affairs,2022,F,13333
Department of Cultural Affairs,2022,OC,1098
Department of Cultural Affairs,2022,CD,0
Department of Education,2022,IC,80427
Department of Education,2022,CD,68618
Department of Education,2022,IFA,0
Department of Education,2022,C,13674102
Department of Education,2022,F,5415250
Department of Education,2022,OC,278266
Department of Education,2022,S,12041346
Department of Environmental Protection,2022,S,2680
Department of Environmental Protection,2022,IFA,61350
Department of Environmental Protection,2022,CD,906
Department of Environmental Protection,2022,C,1344855
Department of Environmental Protection,2022,F,30216
Department of Environmental Protection,2022,IC,2156
Department of Environmental Protection,2022,OC,7743
Department of Health and Mental Hygiene,2022,OC,16603
Department of Health and Mental Hygiene,2022,F,1068699
Department of Health and Mental Hygiene,2022,IFA,0
Department of Health and Mental Hygiene,2022,C,1089909
Department of Health and Mental Hygiene,2022,IC,18260
Department of Health and Mental Hygiene,2022,CD,0
Department of Health and Mental Hygiene,2022,S,419683
Department of Homeless Services,2022,IFA,0
Department of Homeless Services,2022,S,144379
Department of Homeless Services,2022,CD,4392
Department of Homeless Services,2022,IC,6379
Department of Homeless Services,2022,F,725855
Department of Homeless Services,2022,OC,201
Department of Homeless Services,2022,C,1851561
Department of Housing Preservation and Development,2022,IFA,18218
Department of Housing Preservation and Development,2022,CD,232554
Department of Housing Preservation and Development,2022,C,283253
Department of Housing Preservation and Development,2022,S,614
Department of Housing Preservation and Development,2022,F,647159
Department of Housing Preservation and Development,2022,IC,2482
Department of Housing Preservation and Development,2022,OC,10134
Department of Information Technology and Telecommunications,2022,OC,4496
Department of Information Technology and Telecommunications,2022,S,253
Department of Information Technology and Telecommunications,2022,IC,218774
Department of Information Technology and Telecommunications,2022,CD,3553
Department of Information Technology and Telecommunications,2022,IFA,2825
Department of Information Technology and Telecommunications,2022,F,136019
Department of Information Technology and Telecommunications,2022,C,558560
Department of Parks and Recreation,2022,CD,3152
Department of Parks and Recreation,2022,C,430212
Department of Parks and Recreation,2022,OC,11682
Department of Parks and Recreation,2022,IC,34016
Department of Parks and Recreation,2022,S,754
Department of Parks and Recreation,2022,IFA,50389
Department of Parks and Recreation,2022,F,57988
Department of Sanitation,2022,F,463261
Department of Sanitation,2022,S,11235
Department of Sanitation,2022,C,1550402
Department of Sanitation,2022,OC,4952
Department of Sanitation,2022,IC,4684
Department of Sanitation,2022,IFA,5749
Department of Sanitation,2022,CD,48
Department of Small Business Services,2022,C,146691
Department of Small Business Services,2022,S,1082
Department of Small Business Services,2022,OC,17252
Department of Small Business Services,2022,IFA,0
Department of Small Business Services,2022,CD,5449
Department of Small Business Services,2022,F,337902
Department of Small Business Services,2022,IC,4824
Department of Social Services,2022,F,1605701
Department of Social Services,2022,IFA,0
Department of Social Services,2022,C,8736914
Department of Social Services,2022,IC,8920
Department of Social Services,2022,CD,35783
Department of Social Services,2022,OC,565
Department of Social Services,2022,S,577111
Department of Transportation,2022,F,95599
Department of Transportation,2022,IFA,255581
Department of Transportation,2022,OC,14644
Department of Transportation,2022,IC,3572
Department of Transportation,2022,S,121051
Department of Transportation,2022,C,744935
Department of Transportation,2022,CD,0
Department of Youth Services & Community Development,2022,F,157651
Department of Youth Services & Community Development,2022,CD,7383
Department of Youth Services & Community Development,2022,IFA,0
Department of Youth Services & Community Development,2022,IC,142301
Department of Youth Services & Community Development,2022,OC,1024
Department of Youth Services & Community Development,2022,C,656137
Department of Youth Services & Community Development,2022,S,7072
Fire Department,2022,IFA,567
Fire Department,2022,F,70174
Fire Department,2022,C,2244388
Fire Department,2022,OC,166043
Fire Department,2022,IC,2921
Fire Department,2022,S,1927
Fire Department,2022,CD,0
New York Public Library,2022,OC,532
New York Public Library,2022,IFA,0
New York Public Library,2022,S,0
New York Public Library,2022,CD,0
New York Public Library,2022,F,0
New York Public Library,2022,C,154472
New York Public Library,2022,IC,4889
Pensions,2022,S,32025
Pensions,2022,IC,112254
Pensions,2022,F,0
Pensions,2022,C,9567097
Pensions,2022,OC,0
Pensions,2022,IFA,0
Pensions,2022,CD,0
Police Department,2022,CD,0
Police Department,2022,OC,32484
Police Department,2022,F,764510
Police Department,2022,C,4807033
Police Department,2022,IFA,0
Police Department,2022,S,14934
Police Department,2022,IC,262346
Queens Public Library,2022,F,24
Queens Public Library,2022,CD,0
Queens Public Library,2022,OC,175
Queens Public Library,2022,C,121179
Queens Public Library,2022,S,0
Queens Public Library,2022,IC,714
Queens Public Library,2022,IFA,0
Research Libraries,2022,OC,0
Research Libraries,2022,IFA,0
Research Libraries,2022,C,30652
Research Libraries,2022,F,0
Research Libraries,2022,CD,0
Research Libraries,2022,S,0
Research Libraries,2022,IC,0
Administration of Children's Services,2023,S,881807
Administration of Children's Services,2023,C,1056733
Administration of Children's Services,2023,IC,3910
Administration of Children's Services,2023,OC,0
Administration of Children's Services,2023,IFA,0
Administration of Children's Services,2023,CD,0
Administration of Children's Services,2023,F,1045854
Brooklyn Public Library,2023,F,0
Brooklyn Public Library,2023,C,128202
Brooklyn Public Library,2023,CD,0
Brooklyn Public Library,2023,OC,145
Brooklyn Public Library,2023,IC,2594
Brooklyn Public Library,2023,S,0
Brooklyn Public Library,2023,IFA,0
City University of New York,2023,F,78371
City University of New York,2023,S,245100
City University of New York,2023,IC,142274
City University of New York,2023,OC,16564
City University of New York,2023,CD,0
City University of New York,2023,C,787440
City University of New York,2023,IFA,0
Department for the Aging,2023,C,329333
Department for the Aging,2023,F,129363
Department for the Aging,2023,CD,853
Department for the Aging,2023,OC,15
Department for the Aging,2023,S,32558
Department for the Aging,2023,IFA,0
Department for the Aging,2023,IC,2620
Department of Citywide Administrative Services,2023,S,70035
Department of Citywide Administrative Services,2023,IC,962572
Department of Citywide Administrative Services,2023,C,457736
Department of Citywide Administrative Services,2023,IFA,1948
Department of Citywide Administrative Services,2023,OC,127113
Department of Citywide Administrative Services,2023,CD,0
Department of Citywide Administrative Services,2023,F,4248
Department of Correction,2023,S,1899
Department of Correction,2023,CD,0
Department of Correction,2023,OC,8785
Department of Correction,2023,IFA,0
Department of Correction,2023,IC,453
Department of Correction,2023,F,186
Department of Correction,2023,C,1346090
Department of Cultural Affairs,2023,F,633
Department of Cultural Affairs,2023,IFA,279
Department of Cultural Affairs,2023,S,0
Department of Cultural Affairs,2023,OC,582
Department of Cultural Affairs,2023,C,243330
Department of Cultural Affairs,2023,CD,0
Department of Cultural Affairs,2023,IC,185
Department of Education,2023,IFA,0
Department of Education,2023,F,4136139
Department of Education,2023,S,12451205
Department of Education,2023,CD,29561
Department of Education,2023,C,14484457
Department of Education,2023,IC,84793
Department of Education,2023,OC,319329
Department of Environmental Protection,2023,S,2004
Department of Environmental Protection,2023,IFA,65492
Department of Environmental Protection,2023,F,8004
Department of Environmental Protection,2023,OC,18635
Department of Environmental Protection,2023,IC,1786
Department of Environmental Protection,2023,CD,0
Department of Environmental Protection,2023,C,1439999
Department of Health and Mental Hygiene,2023,C,1216202
Department of Health and Mental Hygiene,2023,F,526929
Department of Health and Mental Hygiene,2023,IC,20448
Department of Health and Mental Hygiene,2023,CD,0
Department of Health and Mental Hygiene,2023,OC,46815
Department of Health and Mental Hygiene,2023,IFA,0
Department of Health and Mental Hygiene,2023,S,525094
Department of Homeless Services,2023,CD,4478
Department of Homeless Services,2023,IC,15798
Department of Homeless Services,2023,IFA,0
Department of Homeless Services,2023,OC,6700
Department of Homeless Services,2023,C,2384777
Department of Homeless Services,2023,S,605706
Department of Homeless Services,2023,F,522921
Department of Housing Preservation and Development,2023,C,391341
Department of Housing Preservation and Development,2023,S,1124
Department of Housing Preservation and Development,2023,CD,243814
Department of Housing Preservation and Development,2023,OC,9585
Department of Housing Preservation and Development,2023,IC,3069
Department of Housing Preservation and Development,2023,IFA,20551
Department of Housing Preservation and Development,2023,F,654597
Department of Information Technology and Telecommunications,2023,OC,6783
Department of Information Technology and Telecommunications,2023,CD,1422
Department of Information Technology and Telecommunications,2023,S,3203
Department of Information Technology and Telecommunications,2023,IC,199688
Department of Information Technology and Telecommunications,2023,C,665952
Department of Information Technology and Telecommunications,2023,IFA,1573
Department of Information Technology and Telecommunications,2023,F,18824
Department of Parks and Recreation,2023,IC,49114
Department of Parks and Recreation,2023,F,993
Department of Parks and Recreation,2023,CD,2439
Department of Parks and Recreation,2023,S,1681
Department of Parks and Recreation,2023,C,492648
Department of Parks and Recreation,2023,IFA,53049
Department of Parks and Recreation,2023,OC,14362
Department of Sanitation,2023,CD,0
Department of Sanitation,2023,S,940
Department of Sanitation,2023,F,30555
Department of Sanitation,2023,C,1869914
Department of Sanitation,2023,OC,6198
Department of Sanitation,2023,IC,6195
Department of Sanitation,2023,IFA,5476
Department of Small Business Services,2023,F,75313
Department of Small Business Services,2023,S,1466
Department of Small Business Services,2023,C,255344
Department of Small Business Services,2023,OC,10399
Department of Small Business Services,2023,IFA,0
Department of Small Business Services,2023,CD,7684
Department of Small Business Services,2023,IC,13929
Department of Social Services,2023,F,1556971
Department of Social Services,2023,OC,226
Department of Social Services,2023,CD,0
Department of Social Services,2023,C,8882742
Department of Social Services,2023,IC,13754
Department of Social Services,2023,IFA,0
Department of Social Services,2023,S,673299
Department of Transportation,2023,S,131219
Department of Transportation,2023,OC,11431
Department of Transportation,2023,F,123770
Department of Transportation,2023,IFA,287765
Department of Transportation,2023,CD,0
Department of Transportation,2023,IC,3346
Department of Transportation,2023,C,827855
Department of Youth Services & Community Development,2023,C,857660
Department of Youth Services & Community Development,2023,IC,137223
Department of Youth Services & Community Development,2023,IFA,0
Department of Youth Services & Community Development,2023,S,9724
Department of Youth Services & Community Development,2023,OC,696
Department of Youth Services & Community Development,2023,CD,7405
Department of Youth Services & Community Development,2023,F,113781
Fire Department,2023,S,29111
Fire Department,2023,C,2242632
Fire Department,2023,IC,2894
Fire Department,2023,CD,0
Fire Department,2023,F,73781
Fire Department,2023,IFA,507
Fire Department,2023,OC,203275
New York Public Library,2023,C,171044
New York Public Library,2023,IFA,0
New York Public Library,2023,S,0
New York Public Library,2023,CD,0
New York Public Library,2023,IC,3400
New York Public Library,2023,OC,198
New York Public Library,2023,F,0
Pensions,2023,CD,0
Pensions,2023,C,8956038
Pensions,2023,IC,112254
Pensions,2023,S,32025
Pensions,2023,IFA,0
Pensions,2023,F,0
Pensions,2023,OC,0
Police Department,2023,IC,256707
Police Department,2023,IFA,0
Police Department,2023,S,72962
Police Department,2023,OC,34462
Police Department,2023,F,166842
Police Department,2023,CD,0
Police Department,2023,C,5779812
Queens Public Library,2023,S,0
Queens Public Library,2023,IC,936
Queens Public Library,2023,F,0
Queens Public Library,2023,OC,102
Queens Public Library,2023,IFA,0
Queens Public Library,2023,CD,0
Queens Public Library,2023,C,133511
Research Libraries,2023,OC,0
Research Libraries,2023,CD,0
Research Libraries,2023,IFA,0
Research Libraries,2023,C,32989
Research Libraries,2023,IC,0
Research Libraries,2023,S,0
Research Libraries,2023,F,0
Administration of Children's Services,2024,S,1082301
Administration of Children's Services,2024,C,990296
Administration of Children's Services,2024,IFA,0
Administration of Children's Services,2024,OC,20
Administration of Children's Services,2024,CD,0
Administration of Children's Services,2024,F,1277641
Administration of Children's Services,2024,IC,4795
Brooklyn Public Library,2024,S,0
Brooklyn Public Library,2024,CD,0
Brooklyn Public Library,2024,C,127402
Brooklyn Public Library,2024,IFA,0
Brooklyn Public Library,2024,OC,60
Brooklyn Public Library,2024,IC,1516
Brooklyn Public Library,2024,F,0
City University of New York,2024,F,111522
City University of New York,2024,OC,16284
City University of New York,2024,S,259458
City University of New York,2024,C,742175
City University of New York,2024,IC,152433
City University of New York,2024,IFA,0
City University of New York,2024,CD,0
Department for the Aging,2024,S,56577
Department for the Aging,2024,IFA,0
Department for the Aging,2024,IC,2685
Department for the Aging,2024,CD,362
Department for the Aging,2024,OC,61
Department for the Aging,2024,F,80032
Department for the Aging,2024,C,369634
Department of Citywide Administrative Services,2024,CD,0
Department of Citywide Administrative Services,2024,C,499396
Department of Citywide Administrative Services,2024,F,686
Department of Citywide Administrative Services,2024,S,297849
Department of Citywide Administrative Services,2024,IC,918600
Department of Citywide Administrative Services,2024,OC,105244
Department of Citywide Administrative Services,2024,IFA,1718
Department of Correction,2024,S,1013
Department of Correction,2024,IFA,0
Department of Correction,2024,F,279
Department of Correction,2024,OC,15534
Department of Correction,2024,CD,0
Department of Correction,2024,IC,273
Department of Correction,2024,C,1260475
Department of Cultural Affairs,2024,IFA,347
Department of Cultural Affairs,2024,S,0
Department of Cultural Affairs,2024,CD,0
Department of Cultural Affairs,2024,IC,251
Department of Cultural Affairs,2024,OC,1761
Department of Cultural Affairs,2024,F,429
Department of Cultural Affairs,2024,C,219804
Department of Education,2024,C,14979626
Department of Education,2024,IC,135676
Department of Education,2024,F,4769575
Department of Education,2024,CD,3077
Department of Education,2024,OC,408223
Department of Education,2024,IFA,0
Department of Education,2024,S,13071471
Department of Environmental Protection,2024,F,618
Department of Environmental Protection,2024,C,1522145
Department of Environmental Protection,2024,IC,8632
Department of Environmental Protection,2024,CD,63
Department of Environmental Protection,2024,IFA,78231
Department of Environmental Protection,2024,S,201
Department of Environmental Protection,2024,OC,12762
Department of Health and Mental Hygiene,2024,OC,74683
Department of Health and Mental Hygiene,2024,IFA,0
Department of Health and Mental Hygiene,2024,S,555361
Department of Health and Mental Hygiene,2024,F,606225
Department of Health and Mental Hygiene,2024,C,1086109
Department of Health and Mental Hygiene,2024,IC,21912
Department of Health and Mental Hygiene,2024,CD,0
Department of Homeless Services,2024,F,465218
Department of Homeless Services,2024,CD,405
Department of Homeless Services,2024,S,1047826
Department of Homeless Services,2024,IFA,0
Department of Homeless Services,2024,IC,4848
Department of Homeless Services,2024,OC,3036
Department of Homeless Services,2024,C,2370836
Department of Housing Preservation and Development,2024,IFA,22522
Department of Housing Preservation and Development,2024,S,191
Department of Housing Preservation and Development,2024,C,862776
Department of Housing Preservation and Development,2024,F,733874
Department of Housing Preservation and Development,2024,OC,11362
Department of Housing Preservation and Development,2024,IC,2509
Department of Housing Preservation and Development,2024,CD,238608
Department of Information Technology and Telecommunications,2024,C,751685
Department of Information Technology and Telecommunications,2024,CD,1450
Department of Information Technology and Telecommunications,2024,OC,7558
Department of Information Technology and Telecommunications,2024,F,3265
Department of Information Technology and Telecommunications,2024,IC,200767
Department of Information Technology and Telecommunications,2024,S,6386
Department of Information Technology and Telecommunications,2024,IFA,1511
Department of Parks and Recreation,2024,S,763
Department of Parks and Recreation,2024,C,527590
Department of Parks and Recreation,2024,IC,30865
Department of Parks and Recreation,2024,IFA,54877
Department of Parks and Recreation,2024,F,37
Department of Parks and Recreation,2024,CD,1956
Department of Parks and Recreation,2024,OC,22917
Department of Sanitation,2024,S,504
Department of Sanitation,2024,C,1560069
Department of Sanitation,2024,F,401219
Department of Sanitation,2024,IC,4394
Department of Sanitation,2024,CD,0
Department of Sanitation,2024,OC,5848
Department of Sanitation,2024,IFA,5767
Department of Small Business Services,2024,CD,3018
Department of Small Business Services,2024,IFA,0
Department of Small Business Services,2024,OC,20306
Department of Small Business Services,2024,S,0
Department of Small Business Services,2024,IC,6902
Department of Small Business Services,2024,C,197380
Department of Small Business Services,2024,F,56762
Department of Social Services,2024,S,1055977
Department of Social Services,2024,OC,206
Department of Social Services,2024,IFA,0
Department of Social Services,2024,IC,7084
Department of Social Services,2024,C,9357471
Department of Social Services,2024,CD,0
Department of Social Services,2024,F,2028043
Department of Transportation,2024,C,871792
Department of Transportation,2024,S,139780
Department of Transportation,2024,F,120433
Department of Transportation,2024,IFA,301928
Department of Transportation,2024,CD,0
Department of Transportation,2024,OC,31464
Department of Transportation,2024,IC,5679
Department of Youth Services & Community Development,2024,S,17818
Department of Youth Services & Community Development,2024,F,82869
Department of Youth Services & Community Development,2024,IC,140967
Department of Youth Services & Community Development,2024,OC,126
Department of Youth Services & Community Development,2024,IFA,0
Department of Youth Services & Community Development,2024,C,1042372
Department of Youth Services & Community Development,2024,CD,7547
Fire Department,2024,C,2393141
Fire Department,2024,IFA,591
Fire Department,2024,CD,0
Fire Department,2024,S,2218
Fire Department,2024,F,70874
Fire Department,2024,OC,250308
Fire Department,2024,IC,2706
New York Public Library,2024,OC,348
New York Public Library,2024,C,166472
New York Public Library,2024,F,0
New York Public Library,2024,CD,0
New York Public Library,2024,S,0
New York Public Library,2024,IC,898
New York Public Library,2024,IFA,0
Pensions,2024,IFA,0
Pensions,2024,IC,112254
Pensions,2024,OC,0
Pensions,2024,CD,0
Pensions,2024,C,9183420
Pensions,2024,S,32025
Pensions,2024,F,0
Police Department,2024,F,175454
Police Department,2024,IC,275025
Police Department,2024,IFA,0
Police Department,2024,C,6129582
Police Department,2024,OC,31873
Police Department,2024,S,15373
Police Department,2024,CD,0
Queens Public Library,2024,IFA,0
Queens Public Library,2024,OC,320
Queens Public Library,2024,S,0
Queens Public Library,2024,CD,0
Queens Public Library,2024,C,131169
Queens Public Library,2024,F,0
Queens Public Library,2024,IC,925
Research Libraries,2024,OC,0
Research Libraries,2024,F,0
Research Libraries,2024,CD,0
Research Libraries,2024,IFA,0
Research Libraries,2024,S,0
Research Libraries,2024,IC,0
Research Libraries,2024,C,32466
Administration of Children's Services,2025,OC,99
Administration of Children's Services,2025,CD,0
Administration of Children's Services,2025,IC,3192
Administration of Children's Services,2025,C,1459016
Administration of Children's Services,2025,S,771319
Administration of Children's Services,2025,IFA,0
Administration of Children's Services,2025,F,1715487
Brooklyn Public Library,2025,OC,272
Brooklyn Public Library,2025,IFA,0
Brooklyn Public Library,2025,IC,2896
Brooklyn Public Library,2025,S,0
Brooklyn Public Library,2025,C,138274
Brooklyn Public Library,2025,CD,0
Brooklyn Public Library,2025,F,0
City University of New York,2025,IC,147290
City University of New York,2025,C,968672
City University of New York,2025,OC,21456
City University of New York,2025,F,0
City University of New York,2025,CD,0
City University of New York,2025,S,271620
City University of New York,2025,IFA,0
Department for the Aging,2025,IC,2866
Department for the Aging,2025,CD,1909
Department for the Aging,2025,S,74661
Department for the Aging,2025,F,80933
Department for the Aging,2025,IFA,0
Department for the Aging,2025,OC,177
Department for the Aging,2025,C,396549
Department of Buildings,2025,CD,0
Department of Buildings,2025,OC,0
Department of Buildings,2025,C,178645
Department of Buildings,2025,S,96
Department of Buildings,2025,IC,796
Department of Buildings,2025,IFA,0
Department of Buildings,2025,F,0
Department of Citywide Administrative Services,2025,S,239057
Department of Citywide Administrative Services,2025,IFA,1633
Department of Citywide Administrative Services,2025,CD,0
Department of Citywide Administrative Services,2025,OC,125005
Department of Citywide Administrative Services,2025,F,391
Department of Citywide Administrative Services,2025,C,603179
Department of Citywide Administrative Services,2025,IC,1018235
Department of Correction,2025,F,2813
Department of Correction,2025,IFA,0
Department of Correction,2025,CD,0
Department of Correction,2025,IC,231
Department of Correction,2025,OC,94
Department of Correction,2025,C,1344071
Department of Correction,2025,S,9038
Department of Cultural Affairs,2025,F,637
Department of Cultural Affairs,2025,IFA,344
Department of Cultural Affairs,2025,C,253822
Department of Cultural Affairs,2025,CD,0
Department of Cultural Affairs,2025,S,74
Department of Cultural Affairs,2025,OC,2170
Department of Cultural Affairs,2025,IC,321
Department of Education,2025,IFA,0
Department of Education,2025,CD,2930
Department of Education,2025,IC,124481
Department of Education,2025,F,2800267
Department of Education,2025,OC,217409
Department of Education,2025,S,13672834
Department of Education,2025,C,17854410
Department of Environmental Protection,2025,IFA,69342
Department of Environmental Protection,2025,OC,11315
Department of Environmental Protection,2025,S,1110
Department of Environmental Protection,2025,C,1584680
Department of Environmental Protection,2025,IC,2608
Department of Environmental Protection,2025,CD,323
Department of Environmental Protection,2025,F,8689
Department of Health and Mental Hygiene,2025,S,601897
Department of Health and Mental Hygiene,2025,F,468537
Department of Health and Mental Hygiene,2025,IC,18650
Department of Health and Mental Hygiene,2025,IFA,0
Department of Health and Mental Hygiene,2025,CD,0
Department of Health and Mental Hygiene,2025,OC,18181
Department of Health and Mental Hygiene,2025,C,1344897
Department of Homeless Services,2025,IC,7011
Department of Homeless Services,2025,OC,3974
Department of Homeless Services,2025,F,422807
Department of Homeless Services,2025,CD,553
Department of Homeless Services,2025,IFA,0
Department of Homeless Services,2025,S,1252572
Department of Homeless Services,2025,C,2619445
Department of Housing Preservation and Development,2025,IFA,22034
Department of Housing Preservation and Development,2025,IC,2619
Department of Housing Preservation and Development,2025,F,917616
Department of Housing Preservation and Development,2025,CD,184878
Department of Housing Preservation and Development,2025,C,783658
Department of Housing Preservation and Development,2025,S,2841
Department of Housing Preservation and Development,2025,OC,64815
Department of Information Technology and Telecommunications,2025,F,1393
Department of Information Technology and Telecommunications,2025,C,726293
Department of Information Technology and Telecommunications,2025,OC,3356
Department of Information Technology and Telecommunications,2025,S,6073
Department of Information Technology and Telecommunications,2025,IFA,1587
Department of Information Technology and Telecommunications,2025,IC,183501
Department of Information Technology and Telecommunications,2025,CD,100
Department of Parks and Recreation,2025,CD,1509
Department of Parks and Recreation,2025,OC,17095
Department of Parks and Recreation,2025,IC,2019
Department of Parks and Recreation,2025,S,1400
Department of Parks and Recreation,2025,F,1213
Department of Parks and Recreation,2025,IFA,56332
Department of Parks and Recreation,2025,C,571210
Department of Sanitation,2025,S,0
Department of Sanitation,2025,C,1842937
Department of Sanitation,2025,F,200074
Department of Sanitation,2025,IC,5836
Department of Sanitation,2025,IFA,6177
Department of Sanitation,2025,CD,0
Department of Sanitation,2025,OC,2915
Department of Small Business Services,2025,OC,5505
Department of Small Business Services,2025,C,192375
Department of Small Business Services,2025,S,289
Department of Small Business Services,2025,IC,12244
Department of Small Business Services,2025,IFA,0
Department of Small Business Services,2025,CD,6589
Department of Small Business Services,2025,F,59979
Department of Social Services,2025,OC,88
Department of Social Services,2025,IC,7462
Department of Social Services,2025,IFA,0
Department of Social Services,2025,F,1734071
Department of Social Services,2025,CD,3246
Department of Social Services,2025,S,1090595
Department of Social Services,2025,C,10331892
Department of Transportation,2025,F,130044
Department of Transportation,2025,CD,0
Department of Transportation,2025,IFA,340595
Department of Transportation,2025,OC,20051
Department of Transportation,2025,S,177015
Department of Transportation,2025,C,893608
Department of Transportation,2025,IC,4053
Department of Youth Services & Community Development,2025,C,1199774
Department of Youth Services & Community Development,2025,S,16621
Department of Youth Services & Community Development,2025,OC,30
Department of Youth Services & Community Development,2025,F,121697
Department of Youth Services & Community Development,2025,IFA,0
Department of Youth Services & Community Development,2025,CD,7021
Department of Youth Services & Community Development,2025,IC,4160
Fire Department,2025,C,2500652
Fire Department,2025,IC,3376
Fire Department,2025,F,76036
Fire Department,2025,CD,0
Fire Department,2025,OC,258692
Fire Department,2025,S,4341
Fire Department,2025,IFA,697
New York Public Library,2025,OC,1284
New York Public Library,2025,F,0
New York Public Library,2025,IC,3450
New York Public Library,2025,C,180999
New York Public Library,2025,IFA,0
New York Public Library,2025,CD,0
New York Public Library,2025,S,0
Police Department,2025,S,56958
Police Department,2025,IFA,0
Police Department,2025,C,6267557
Police Department,2025,IC,255925
Police Department,2025,CD,0
Police Department,2025,F,257274
Police Department,2025,OC,32476
Queens Public Library,2025,IC,1067
Queens Public Library,2025,F,7
Queens Public Library,2025,C,143291
Queens Public Library,2025,IFA,0
Queens Public Library,2025,OC,192
Queens Public Library,2025,CD,0
Queens Public Library,2025,S,1
Research Libraries,2025,S,0
Research Libraries,2025,OC,0
Research Libraries,2025,IC,0
Research Libraries,2025,F,0
Research Libraries,2025,CD,0
Research Libraries,2025,IFA,0
Research Libraries,2025,C,35836
